10-04-2023,0,0.1,0.2,0.3,0.4,0.5,0.6,0.7,0.8,0.9,1,1.1,1.2,1.3,1.4,1.5,1.6,1.7,1.8,1.9,2,2.1,2.2,2.3,2.4,2.5,2.6,2.7,2.8,2.9,3,3.1,3.2,3.3,3.4,3.5,3.6,3.7,3.8,3.9,4,4.1,4.2,4.3,4.4,4.5,4.6,4.7,4.8,4.9,5,5.1,5.2,5.3,5.4,5.5,5.6,5.7,5.8,5.9,6,6.1,6.2,6.3,6.4,6.5,6.6,6.7,6.8,6.9,7,7.1,7.2,7.3,7.4,7.5,7.6,7.7,7.8,7.9,8,8.1,8.2,8.3,8.4,8.5,8.6,8.7,8.8,8.9,9,9.1,9.2,9.3,9.4,9.5,9.6,9.7,9.8,9.9,10,10.1,10.2,10.3,10.4,10.5,10.6,10.7,10.8,10.9,11,11.1,11.2,11.3,11.4,11.5,11.6,11.7,11.8,11.9,12,12.1,12.2,12.3,12.4,12.5,12.6,12.7,12.8,12.9,13,13.1,13.2,13.3,13.4,13.5,13.6,13.7,13.8,13.9,14,14.1,14.2,14.3,14.4,14.5,14.6,14.7,14.8,14.9,15,15.1,15.2,15.3,15.4,15.5,15.6,15.7,15.8,15.9,16,16.1,16.2,16.3,16.4,16.5,16.6,16.7,16.8,16.9,17,17.1,17.2,17.3,17.4,17.5,17.6,17.7,17.8,17.9,18,18.1,18.2,18.3,18.4,18.5,18.6,18.7,18.8,18.9,19,19.1,19.2,19.3,19.4,19.5,19.6,19.7,19.8,19.9
20,0,20.11,20.12,20.13,20.14,20.15,20.16,20.17,20.18,20.19,20.2,20.21,20.22,20.23,20.24,20.25,20.26,20.27,20.28,20.29,20.3,20.31,20.32,20.33,20.34,20.35,20.36,20.37,20.38,20.39,20.4,20.41,20.42,20.43,20.44,20.45,20.46,20.47,20.48,20.49,20.5,20.51,20.52,20.53,20.54,20.55,20.56,20.57,20.58,20.59,20.6,20.61,20.62,20.63,20.64,20.65,20.66,20.67,20.68,20.69,20.7,20.71,20.72,20.73,20.74,20.75,20.76,20.77,20.78,20.79,20.8,20.81,20.82,20.83,20.84,20.85,20.86,20.87,20.88,20.89,20.9,20.91,20.92,20.93,20.94,20.95,20.96,20.97,20.98,20.99,21,21.01,21.02,21.03,21.04,21.05,21.06,21.07,21.08,21.09,21.1,21.11,21.12,21.13,21.14,21.15,21.16,21.17,21.18,21.19,21.2,21.21,21.22,21.23,21.24,21.25,21.26,21.27,21.28,21.29,21.3,21.31,21.32,21.33,21.34,21.35,21.36,21.37,21.38,21.39,21.4,21.41,21.42,21.43,21.44,21.45,21.46,21.47,21.48,21.49,21.5,21.51,21.52,21.53,21.54,21.55,21.56,21.57,21.58,21.59,21.6,21.61,21.62,21.63,21.64,21.65,21.66,21.67,21.68,21.69,21.7,21.71,21.72,21.73,21.74,21.75,21.76,21.77,21.78,21.79,21.8,21.81,21.82,21.83,21.84,21.85,21.86,21.87,21.88,21.89,21.9,21.91,21.92,21.93,21.94,21.95,21.96,21.97,21.98,21.99,22,22.01,22.02,22.03,22.04,22.05,22.06,22.07,22.08,22.09
20.5,0,20.51,20.52,20.53,20.54,20.55,20.56,20.57,20.58,20.59,20.6,20.61,20.62,20.63,20.64,20.65,20.66,20.67,20.68,20.69,20.7,20.71,20.72,20.73,20.74,20.75,20.76,20.77,20.78,20.79,20.8,20.81,20.82,20.83,20.84,20.85,20.86,20.87,20.88,20.89,20.9,20.91,20.92,20.93,20.94,20.95,20.96,20.97,20.98,20.99,21,21.01,21.02,21.03,21.04,21.05,21.06,21.07,21.08,21.09,21.1,21.11,21.12,21.13,21.14,21.15,21.16,21.17,21.18,21.19,21.2,21.21,21.22,21.23,21.24,21.25,21.26,21.27,21.28,21.29,21.3,21.31,21.32,21.33,21.34,21.35,21.36,21.37,21.38,21.39,21.4,21.41,21.42,21.43,21.44,21.45,21.46,21.47,21.48,21.49,21.5,21.51,21.52,21.53,21.54,21.55,21.56,21.57,21.58,21.59,21.6,21.61,21.62,21.63,21.64,21.65,21.66,21.67,21.68,21.69,21.7,21.71,21.72,21.73,21.74,21.75,21.76,21.77,21.78,21.79,21.8,21.81,21.82,21.83,21.84,21.85,21.86,21.87,21.88,21.89,21.9,21.91,21.92,21.93,21.94,21.95,21.96,21.97,21.98,21.99,22,22.01,22.02,22.03,22.04,22.05,22.06,22.07,22.08,22.09,22.1,22.11,22.12,22.13,22.14,22.15,22.16,22.17,22.18,22.19,22.2,22.21,22.22,22.23,22.24,22.25,22.26,22.27,22.28,22.29,22.3,22.31,22.32,22.33,22.34,22.35,22.36,22.37,22.38,22.39,22.4,22.41,22.42,22.43,22.44,22.45,22.46,22.47,22.48,22.49
21,0,20.91,20.92,20.93,20.94,20.95,20.96,20.97,20.98,20.99,21,21.01,21.02,21.03,21.04,21.05,21.06,21.07,21.08,21.09,21.1,21.11,21.12,21.13,21.14,21.15,21.16,21.17,21.18,21.19,21.2,21.21,21.22,21.23,21.24,21.25,21.26,21.27,21.28,21.29,21.3,21.31,21.32,21.33,21.34,21.35,21.36,21.37,21.38,21.39,21.4,21.41,21.42,21.43,21.44,21.45,21.46,21.47,21.48,21.49,21.5,21.51,21.52,21.53,21.54,21.55,21.56,21.57,21.58,21.59,21.6,21.61,21.62,21.63,21.64,21.65,21.66,21.67,21.68,21.69,21.7,21.71,21.72,21.73,21.74,21.75,21.76,21.77,21.78,21.79,21.8,21.81,21.82,21.83,21.84,21.85,21.86,21.87,21.88,21.89,21.9,21.91,21.92,21.93,21.94,21.95,21.96,21.97,21.98,21.99,22,22.01,22.02,22.03,22.04,22.05,22.06,22.07,22.08,22.09,22.1,22.11,22.12,22.13,22.14,22.15,22.16,22.17,22.18,22.19,22.2,22.21,22.22,22.23,22.24,22.25,22.26,22.27,22.28,22.29,22.3,22.31,22.32,22.33,22.34,22.35,22.36,22.37,22.38,22.39,22.4,22.41,22.42,22.43,22.44,22.45,22.46,22.47,22.48,22.49,22.5,22.51,22.52,22.53,22.54,22.55,22.56,22.57,22.58,22.59,22.6,22.61,22.62,22.63,22.64,22.65,22.66,22.67,22.68,22.69,22.7,22.71,22.72,22.73,22.74,22.75,22.76,22.77,22.78,22.79,22.8,22.81,22.82,22.83,22.84,22.85,22.86,22.87,22.88,22.89
21.5,0,21.31,21.32,21.33,21.34,21.35,21.36,21.37,21.38,21.39,21.4,21.41,21.42,21.43,21.44,21.45,21.46,21.47,21.48,21.49,21.5,21.51,21.52,21.53,21.54,21.55,21.56,21.57,21.58,21.59,21.6,21.61,21.62,21.63,21.64,21.65,21.66,21.67,21.68,21.69,21.7,21.71,21.72,21.73,21.74,21.75,21.76,21.77,21.78,21.79,21.8,21.81,21.82,21.83,21.84,21.85,21.86,21.87,21.88,21.89,21.9,21.91,21.92,21.93,21.94,21.95,21.96,21.97,21.98,21.99,22,22.01,22.02,22.03,22.04,22.05,22.06,22.07,22.08,22.09,22.1,22.11,22.12,22.13,22.14,22.15,22.16,22.17,22.18,22.19,22.2,22.21,22.22,22.23,22.24,22.25,22.26,22.27,22.28,22.29,22.3,22.31,22.32,22.33,22.34,22.35,22.36,22.37,22.38,22.39,22.4,22.41,22.42,22.43,22.44,22.45,22.46,22.47,22.48,22.49,22.5,22.51,22.52,22.53,22.54,22.55,22.56,22.57,22.58,22.59,22.6,22.61,22.62,22.63,22.64,22.65,22.66,22.67,22.68,22.69,22.7,22.71,22.72,22.73,22.74,22.75,22.76,22.77,22.78,22.79,22.8,22.81,22.82,22.83,22.84,22.85,22.86,22.87,22.88,22.89,22.9,22.91,22.92,22.93,22.94,22.95,22.96,22.97,22.98,22.99,23,23.01,23.02,23.03,23.04,23.05,23.06,23.07,23.08,23.09,23.1,23.11,23.12,23.13,23.14,23.15,23.16,23.17,23.18,23.19,23.2,23.21,23.22,23.23,23.24,23.25,23.26,23.27,23.28,23.29
22,0,21.71,21.72,21.73,21.74,21.75,21.76,21.77,21.78,21.79,21.8,21.81,21.82,21.83,21.84,21.85,21.86,21.87,21.88,21.89,21.9,21.91,21.92,21.93,21.94,21.95,21.96,21.97,21.98,21.99,22,22.01,22.02,22.03,22.04,22.05,22.06,22.07,22.08,22.09,22.1,22.11,22.12,22.13,22.14,22.15,22.16,22.17,22.18,22.19,22.2,22.21,22.22,22.23,22.24,22.25,22.26,22.27,22.28,22.29,22.3,22.31,22.32,22.33,22.34,22.35,22.36,22.37,22.38,22.39,22.4,22.41,22.42,22.43,22.44,22.45,22.46,22.47,22.48,22.49,22.5,22.51,22.52,22.53,22.54,22.55,22.56,22.57,22.58,22.59,22.6,22.61,22.62,22.63,22.64,22.65,22.66,22.67,22.68,22.69,22.7,22.71,22.72,22.73,22.74,22.75,22.76,22.77,22.78,22.79,22.8,22.81,22.82,22.83,22.84,22.85,22.86,22.87,22.88,22.89,22.9,22.91,22.92,22.93,22.94,22.95,22.96,22.97,22.98,22.99,23,23.01,23.02,23.03,23.04,23.05,23.06,23.07,23.08,23.09,23.1,23.11,23.12,23.13,23.14,23.15,23.16,23.17,23.18,23.19,23.2,23.21,23.22,23.23,23.24,23.25,23.26,23.27,23.28,23.29,23.3,23.31,23.32,23.33,23.34,23.35,23.36,23.37,23.38,23.39,23.4,23.41,23.42,23.43,23.44,23.45,23.46,23.47,23.48,23.49,23.5,23.51,23.52,23.53,23.54,23.55,23.56,23.57,23.58,23.59,23.6,23.61,23.62,23.63,23.64,23.65,23.66,23.67,23.68,23.69
22.5,0,22.11,22.12,22.13,22.14,22.15,22.16,22.17,22.18,22.19,22.2,22.21,22.22,22.23,22.24,22.25,22.26,22.27,22.28,22.29,22.3,22.31,22.32,22.33,22.34,22.35,22.36,22.37,22.38,22.39,22.4,22.41,22.42,22.43,22.44,22.45,22.46,22.47,22.48,22.49,22.5,22.51,22.52,22.53,22.54,22.55,22.56,22.57,22.58,22.59,22.6,22.61,22.62,22.63,22.64,22.65,22.66,22.67,22.68,22.69,22.7,22.71,22.72,22.73,22.74,22.75,22.76,22.77,22.78,22.79,22.8,22.81,22.82,22.83,22.84,22.85,22.86,22.87,22.88,22.89,22.9,22.91,22.92,22.93,22.94,22.95,22.96,22.97,22.98,22.99,23,23.01,23.02,23.03,23.04,23.05,23.06,23.07,23.08,23.09,23.1,23.11,23.12,23.13,23.14,23.15,23.16,23.17,23.18,23.19,23.2,23.21,23.22,23.23,23.24,23.25,23.26,23.27,23.28,23.29,23.3,23.31,23.32,23.33,23.34,23.35,23.36,23.37,23.38,23.39,23.4,23.41,23.42,23.43,23.44,23.45,23.46,23.47,23.48,23.49,23.5,23.51,23.52,23.53,23.54,23.55,23.56,23.57,23.58,23.59,23.6,23.61,23.62,23.63,23.64,23.65,23.66,23.67,23.68,23.69,23.7,23.71,23.72,23.73,23.74,23.75,23.76,23.77,23.78,23.79,23.8,23.81,23.82,23.83,23.84,23.85,23.86,23.87,23.88,23.89,23.9,23.91,23.92,23.93,23.94,23.95,23.96,23.97,23.98,23.99,24,24.01,24.02,24.03,24.04,24.05,24.06,24.07,24.08,24.09
23,0,22.51,22.52,22.53,22.54,22.55,22.56,22.57,22.58,22.59,22.6,22.61,22.62,22.63,22.64,22.65,22.66,22.67,22.68,22.69,22.7,22.71,22.72,22.73,22.74,22.75,22.76,22.77,22.78,22.79,22.8,22.81,22.82,22.83,22.84,22.85,22.86,22.87,22.88,22.89,22.9,22.91,22.92,22.93,22.94,22.95,22.96,22.97,22.98,22.99,23,23.01,23.02,23.03,23.04,23.05,23.06,23.07,23.08,23.09,23.1,23.11,23.12,23.13,23.14,23.15,23.16,23.17,23.18,23.19,23.2,23.21,23.22,23.23,23.24,23.25,23.26,23.27,23.28,23.29,23.3,23.31,23.32,23.33,23.34,23.35,23.36,23.37,23.38,23.39,23.4,23.41,23.42,23.43,23.44,23.45,23.46,23.47,23.48,23.49,23.5,23.51,23.52,23.53,23.54,23.55,23.56,23.57,23.58,23.59,23.6,23.61,23.62,23.63,23.64,23.65,23.66,23.67,23.68,23.69,23.7,23.71,23.72,23.73,23.74,23.75,23.76,23.77,23.78,23.79,23.8,23.81,23.82,23.83,23.84,23.85,23.86,23.87,23.88,23.89,23.9,23.91,23.92,23.93,23.94,23.95,23.96,23.97,23.98,23.99,24,24.01,24.02,24.03,24.04,24.05,24.06,24.07,24.08,24.09,24.1,24.11,24.12,24.13,24.14,24.15,24.16,24.17,24.18,24.19,24.2,24.21,24.22,24.23,24.24,24.25,24.26,24.27,24.28,24.29,24.3,24.31,24.32,24.33,24.34,24.35,24.36,24.37,24.38,24.39,24.4,24.41,24.42,24.43,24.44,24.45,24.46,24.47,24.48,24.49
23.5,0,22.91,22.92,22.93,22.94,22.95,22.96,22.97,22.98,22.99,23,23.01,23.02,23.03,23.04,23.05,23.06,23.07,23.08,23.09,23.1,23.11,23.12,23.13,23.14,23.15,23.16,23.17,23.18,23.19,23.2,23.21,23.22,23.23,23.24,23.25,23.26,23.27,23.28,23.29,23.3,23.31,23.32,23.33,23.34,23.35,23.36,23.37,23.38,23.39,23.4,23.41,23.42,23.43,23.44,23.45,23.46,23.47,23.48,23.49,23.5,23.51,23.52,23.53,23.54,23.55,23.56,23.57,23.58,23.59,23.6,23.61,23.62,23.63,23.64,23.65,23.66,23.67,23.68,23.69,23.7,23.71,23.72,23.73,23.74,23.75,23.76,23.77,23.78,23.79,23.8,23.81,23.82,23.83,23.84,23.85,23.86,23.87,23.88,23.89,23.9,23.91,23.92,23.93,23.94,23.95,23.96,23.97,23.98,23.99,24,24.01,24.02,24.03,24.04,24.05,24.06,24.07,24.08,24.09,24.1,24.11,24.12,24.13,24.14,24.15,24.16,24.17,24.18,24.19,24.2,24.21,24.22,24.23,24.24,24.25,24.26,24.27,24.28,24.29,24.3,24.31,24.32,24.33,24.34,24.35,24.36,24.37,24.38,24.39,24.4,24.41,24.42,24.43,24.44,24.45,24.46,24.47,24.48,24.49,24.5,24.51,24.52,24.53,24.54,24.55,24.56,24.57,24.58,24.59,24.6,24.61,24.62,24.63,24.64,24.65,24.66,24.67,24.68,24.69,24.7,24.71,24.72,24.73,24.74,24.75,24.76,24.77,24.78,24.79,24.8,24.81,24.82,24.83,24.84,24.85,24.86,24.87,24.88,24.89
24,0,23.31,23.32,23.33,23.34,23.35,23.36,23.37,23.38,23.39,23.4,23.41,23.42,23.43,23.44,23.45,23.46,23.47,23.48,23.49,23.5,23.51,23.52,23.53,23.54,23.55,23.56,23.57,23.58,23.59,23.6,23.61,23.62,23.63,23.64,23.65,23.66,23.67,23.68,23.69,23.7,23.71,23.72,23.73,23.74,23.75,23.76,23.77,23.78,23.79,23.8,23.81,23.82,23.83,23.84,23.85,23.86,23.87,23.88,23.89,23.9,23.91,23.92,23.93,23.94,23.95,23.96,23.97,23.98,23.99,24,24.01,24.02,24.03,24.04,24.05,24.06,24.07,24.08,24.09,24.1,24.11,24.12,24.13,24.14,24.15,24.16,24.17,24.18,24.19,24.2,24.21,24.22,24.23,24.24,24.25,24.26,24.27,24.28,24.29,24.3,24.31,24.32,24.33,24.34,24.35,24.36,24.37,24.38,24.39,24.4,24.41,24.42,24.43,24.44,24.45,24.46,24.47,24.48,24.49,24.5,24.51,24.52,24.53,24.54,24.55,24.56,24.57,24.58,24.59,24.6,24.61,24.62,24.63,24.64,24.65,24.66,24.67,24.68,24.69,24.7,24.71,24.72,24.73,24.74,24.75,24.76,24.77,24.78,24.79,24.8,24.81,24.82,24.83,24.84,24.85,24.86,24.87,24.88,24.89,24.9,24.91,24.92,24.93,24.94,24.95,24.96,24.97,24.98,24.99,25,25.01,25.02,25.03,25.04,25.05,25.06,25.07,25.08,25.09,25.1,25.11,25.12,25.13,25.14,25.15,25.16,25.17,25.18,25.19,25.2,25.21,25.22,25.23,25.24,25.25,25.26,25.27,25.28,25.29
24.5,0,23.71,23.72,23.73,23.74,23.75,23.76,23.77,23.78,23.79,23.8,23.81,23.82,23.83,23.84,23.85,23.86,23.87,23.88,23.89,23.9,23.91,23.92,23.93,23.94,23.95,23.96,23.97,23.98,23.99,24,24.01,24.02,24.03,24.04,24.05,24.06,24.07,24.08,24.09,24.1,24.11,24.12,24.13,24.14,24.15,24.16,24.17,24.18,24.19,24.2,24.21,24.22,24.23,24.24,24.25,24.26,24.27,24.28,24.29,24.3,24.31,24.32,24.33,24.34,24.35,24.36,24.37,24.38,24.39,24.4,24.41,24.42,24.43,24.44,24.45,24.46,24.47,24.48,24.49,24.5,24.51,24.52,24.53,24.54,24.55,24.56,24.57,24.58,24.59,24.6,24.61,24.62,24.63,24.64,24.65,24.66,24.67,24.68,24.69,24.7,24.71,24.72,24.73,24.74,24.75,24.76,24.77,24.78,24.79,24.8,24.81,24.82,24.83,24.84,24.85,24.86,24.87,24.88,24.89,24.9,24.91,24.92,24.93,24.94,24.95,24.96,24.97,24.98,24.99,25,25.01,25.02,25.03,25.04,25.05,25.06,25.07,25.08,25.09,25.1,25.11,25.12,25.13,25.14,25.15,25.16,25.17,25.18,25.19,25.2,25.21,25.22,25.23,25.24,25.25,25.26,25.27,25.28,25.29,25.3,25.31,25.32,25.33,25.34,25.35,25.36,25.37,25.38,25.39,25.4,25.41,25.42,25.43,25.44,25.45,25.46,25.47,25.48,25.49,25.5,25.51,25.52,25.53,25.54,25.55,25.56,25.57,25.58,25.59,25.6,25.61,25.62,25.63,25.64,25.65,25.66,25.67,25.68,25.69
25,0,24.11,24.12,24.13,24.14,24.15,24.16,24.17,24.18,24.19,24.2,24.21,24.22,24.23,24.24,24.25,24.26,24.27,24.28,24.29,24.3,24.31,24.32,24.33,24.34,24.35,24.36,24.37,24.38,24.39,24.4,24.41,24.42,24.43,24.44,24.45,24.46,24.47,24.48,24.49,24.5,24.51,24.52,24.53,24.54,24.55,24.56,24.57,24.58,24.59,24.6,24.61,24.62,24.63,24.64,24.65,24.66,24.67,24.68,24.69,24.7,24.71,24.72,24.73,24.74,24.75,24.76,24.77,24.78,24.79,24.8,24.81,24.82,24.83,24.84,24.85,24.86,24.87,24.88,24.89,24.9,24.91,24.92,24.93,24.94,24.95,24.96,24.97,24.98,24.99,25,25.01,25.02,25.03,25.04,25.05,25.06,25.07,25.08,25.09,25.1,25.11,25.12,25.13,25.14,25.15,25.16,25.17,25.18,25.19,25.2,25.21,25.22,25.23,25.24,25.25,25.26,25.27,25.28,25.29,25.3,25.31,25.32,25.33,25.34,25.35,25.36,25.37,25.38,25.39,25.4,25.41,25.42,25.43,25.44,25.45,25.46,25.47,25.48,25.49,25.5,25.51,25.52,25.53,25.54,25.55,25.56,25.57,25.58,25.59,25.6,25.61,25.62,25.63,25.64,25.65,25.66,25.67,25.68,25.69,25.7,25.71,25.72,25.73,25.74,25.75,25.76,25.77,25.78,25.79,25.8,25.81,25.82,25.83,25.84,25.85,25.86,25.87,25.88,25.89,25.9,25.91,25.92,25.93,25.94,25.95,25.96,25.97,25.98,25.99,26,26.01,26.02,26.03,26.04,26.05,26.06,26.07,26.08,26.09
25.5,0,24.51,24.52,24.53,24.54,24.55,24.56,24.57,24.58,24.59,24.6,24.61,24.62,24.63,24.64,24.65,24.66,24.67,24.68,24.69,24.7,24.71,24.72,24.73,24.74,24.75,24.76,24.77,24.78,24.79,24.8,24.81,24.82,24.83,24.84,24.85,24.86,24.87,24.88,24.89,24.9,24.91,24.92,24.93,24.94,24.95,24.96,24.97,24.98,24.99,25,25.01,25.02,25.03,25.04,25.05,25.06,25.07,25.08,25.09,25.1,25.11,25.12,25.13,25.14,25.15,25.16,25.17,25.18,25.19,25.2,25.21,25.22,25.23,25.24,25.25,25.26,25.27,25.28,25.29,25.3,25.31,25.32,25.33,25.34,25.35,25.36,25.37,25.38,25.39,25.4,25.41,25.42,25.43,25.44,25.45,25.46,25.47,25.48,25.49,25.5,25.51,25.52,25.53,25.54,25.55,25.56,25.57,25.58,25.59,25.6,25.61,25.62,25.63,25.64,25.65,25.66,25.67,25.68,25.69,25.7,25.71,25.72,25.73,25.74,25.75,25.76,25.77,25.78,25.79,25.8,25.81,25.82,25.83,25.84,25.85,25.86,25.87,25.88,25.89,25.9,25.91,25.92,25.93,25.94,25.95,25.96,25.97,25.98,25.99,26,26.01,26.02,26.03,26.04,26.05,26.06,26.07,26.08,26.09,26.1,26.11,26.12,26.13,26.14,26.15,26.16,26.17,26.18,26.19,26.2,26.21,26.22,26.23,26.24,26.25,26.26,26.27,26.28,26.29,26.3,26.31,26.32,26.33,26.34,26.35,26.36,26.37,26.38,26.39,26.4,26.41,26.42,26.43,26.44,26.45,26.46,26.47,26.48,26.49
26,0,24.91,24.92,24.93,24.94,24.95,24.96,24.97,24.98,24.99,25,25.01,25.02,25.03,25.04,25.05,25.06,25.07,25.08,25.09,25.1,25.11,25.12,25.13,25.14,25.15,25.16,25.17,25.18,25.19,25.2,25.21,25.22,25.23,25.24,25.25,25.26,25.27,25.28,25.29,25.3,25.31,25.32,25.33,25.34,25.35,25.36,25.37,25.38,25.39,25.4,25.41,25.42,25.43,25.44,25.45,25.46,25.47,25.48,25.49,25.5,25.51,25.52,25.53,25.54,25.55,25.56,25.57,25.58,25.59,25.6,25.61,25.62,25.63,25.64,25.65,25.66,25.67,25.68,25.69,25.7,25.71,25.72,25.73,25.74,25.75,25.76,25.77,25.78,25.79,25.8,25.81,25.82,25.83,25.84,25.85,25.86,25.87,25.88,25.89,25.9,25.91,25.92,25.93,25.94,25.95,25.96,25.97,25.98,25.99,26,26.01,26.02,26.03,26.04,26.05,26.06,26.07,26.08,26.09,26.1,26.11,26.12,26.13,26.14,26.15,26.16,26.17,26.18,26.19,26.2,26.21,26.22,26.23,26.24,26.25,26.26,26.27,26.28,26.29,26.3,26.31,26.32,26.33,26.34,26.35,26.36,26.37,26.38,26.39,26.4,26.41,26.42,26.43,26.44,26.45,26.46,26.47,26.48,26.49,26.5,26.51,26.52,26.53,26.54,26.55,26.56,26.57,26.58,26.59,26.6,26.61,26.62,26.63,26.64,26.65,26.66,26.67,26.68,26.69,26.7,26.71,26.72,26.73,26.74,26.75,26.76,26.77,26.78,26.79,26.8,26.81,26.82,26.83,26.84,26.85,26.86,26.87,26.88,26.89
26.5,0,25.31,25.32,25.33,25.34,25.35,25.36,25.37,25.38,25.39,25.4,25.41,25.42,25.43,25.44,25.45,25.46,25.47,25.48,25.49,25.5,25.51,25.52,25.53,25.54,25.55,25.56,25.57,25.58,25.59,25.6,25.61,25.62,25.63,25.64,25.65,25.66,25.67,25.68,25.69,25.7,25.71,25.72,25.73,25.74,25.75,25.76,25.77,25.78,25.79,25.8,25.81,25.82,25.83,25.84,25.85,25.86,25.87,25.88,25.89,25.9,25.91,25.92,25.93,25.94,25.95,25.96,25.97,25.98,25.99,26,26.01,26.02,26.03,26.04,26.05,26.06,26.07,26.08,26.09,26.1,26.11,26.12,26.13,26.14,26.15,26.16,26.17,26.18,26.19,26.2,26.21,26.22,26.23,26.24,26.25,26.26,26.27,26.28,26.29,26.3,26.31,26.32,26.33,26.34,26.35,26.36,26.37,26.38,26.39,26.4,26.41,26.42,26.43,26.44,26.45,26.46,26.47,26.48,26.49,26.5,26.51,26.52,26.53,26.54,26.55,26.56,26.57,26.58,26.59,26.6,26.61,26.62,26.63,26.64,26.65,26.66,26.67,26.68,26.69,26.7,26.71,26.72,26.73,26.74,26.75,26.76,26.77,26.78,26.79,26.8,26.81,26.82,26.83,26.84,26.85,26.86,26.87,26.88,26.89,26.9,26.91,26.92,26.93,26.94,26.95,26.96,26.97,26.98,26.99,27,27.01,27.02,27.03,27.04,27.05,27.06,27.07,27.08,27.09,27.1,27.11,27.12,27.13,27.14,27.15,27.16,27.17,27.18,27.19,27.2,27.21,27.22,27.23,27.24,27.25,27.26,27.27,27.28,27.29
27,0,25.71,25.72,25.73,25.74,25.75,25.76,25.77,25.78,25.79,25.8,25.81,25.82,25.83,25.84,25.85,25.86,25.87,25.88,25.89,25.9,25.91,25.92,25.93,25.94,25.95,25.96,25.97,25.98,25.99,26,26.01,26.02,26.03,26.04,26.05,26.06,26.07,26.08,26.09,26.1,26.11,26.12,26.13,26.14,26.15,26.16,26.17,26.18,26.19,26.2,26.21,26.22,26.23,26.24,26.25,26.26,26.27,26.28,26.29,26.3,26.31,26.32,26.33,26.34,26.35,26.36,26.37,26.38,26.39,26.4,26.41,26.42,26.43,26.44,26.45,26.46,26.47,26.48,26.49,26.5,26.51,26.52,26.53,26.54,26.55,26.56,26.57,26.58,26.59,26.6,26.61,26.62,26.63,26.64,26.65,26.66,26.67,26.68,26.69,26.7,26.71,26.72,26.73,26.74,26.75,26.76,26.77,26.78,26.79,26.8,26.81,26.82,26.83,26.84,26.85,26.86,26.87,26.88,26.89,26.9,26.91,26.92,26.93,26.94,26.95,26.96,26.97,26.98,26.99,27,27.01,27.02,27.03,27.04,27.05,27.06,27.07,27.08,27.09,27.1,27.11,27.12,27.13,27.14,27.15,27.16,27.17,27.18,27.19,27.2,27.21,27.22,27.23,27.24,27.25,27.26,27.27,27.28,27.29,27.3,27.31,27.32,27.33,27.34,27.35,27.36,27.37,27.38,27.39,27.4,27.41,27.42,27.43,27.44,27.45,27.46,27.47,27.48,27.49,27.5,27.51,27.52,27.53,27.54,27.55,27.56,27.57,27.58,27.59,27.6,27.61,27.62,27.63,27.64,27.65,27.66,27.67,27.68,27.69
27.5,0,26.11,26.12,26.13,26.14,26.15,26.16,26.17,26.18,26.19,26.2,26.21,26.22,26.23,26.24,26.25,26.26,26.27,26.28,26.29,26.3,26.31,26.32,26.33,26.34,26.35,26.36,26.37,26.38,26.39,26.4,26.41,26.42,26.43,26.44,26.45,26.46,26.47,26.48,26.49,26.5,26.51,26.52,26.53,26.54,26.55,26.56,26.57,26.58,26.59,26.6,26.61,26.62,26.63,26.64,26.65,26.66,26.67,26.68,26.69,26.7,26.71,26.72,26.73,26.74,26.75,26.76,26.77,26.78,26.79,26.8,26.81,26.82,26.83,26.84,26.85,26.86,26.87,26.88,26.89,26.9,26.91,26.92,26.93,26.94,26.95,26.96,26.97,26.98,26.99,27,27.01,27.02,27.03,27.04,27.05,27.06,27.07,27.08,27.09,27.1,27.11,27.12,27.13,27.14,27.15,27.16,27.17,27.18,27.19,27.2,27.21,27.22,27.23,27.24,27.25,27.26,27.27,27.28,27.29,27.3,27.31,27.32,27.33,27.34,27.35,27.36,27.37,27.38,27.39,27.4,27.41,27.42,27.43,27.44,27.45,27.46,27.47,27.48,27.49,27.5,27.51,27.52,27.53,27.54,27.55,27.56,27.57,27.58,27.59,27.6,27.61,27.62,27.63,27.64,27.65,27.66,27.67,27.68,27.69,27.7,27.71,27.72,27.73,27.74,27.75,27.76,27.77,27.78,27.79,27.8,27.81,27.82,27.83,27.84,27.85,27.86,27.87,27.88,27.89,27.9,27.91,27.92,27.93,27.94,27.95,27.96,27.97,27.98,27.99,28,28.01,28.02,28.03,28.04,28.05,28.06,28.07,28.08,28.09
28,0,26.51,26.52,26.53,26.54,26.55,26.56,26.57,26.58,26.59,26.6,26.61,26.62,26.63,26.64,26.65,26.66,26.67,26.68,26.69,26.7,26.71,26.72,26.73,26.74,26.75,26.76,26.77,26.78,26.79,26.8,26.81,26.82,26.83,26.84,26.85,26.86,26.87,26.88,26.89,26.9,26.91,26.92,26.93,26.94,26.95,26.96,26.97,26.98,26.99,27,27.01,27.02,27.03,27.04,27.05,27.06,27.07,27.08,27.09,27.1,27.11,27.12,27.13,27.14,27.15,27.16,27.17,27.18,27.19,27.2,27.21,27.22,27.23,27.24,27.25,27.26,27.27,27.28,27.29,27.3,27.31,27.32,27.33,27.34,27.35,27.36,27.37,27.38,27.39,27.4,27.41,27.42,27.43,27.44,27.45,27.46,27.47,27.48,27.49,27.5,27.51,27.52,27.53,27.54,27.55,27.56,27.57,27.58,27.59,27.6,27.61,27.62,27.63,27.64,27.65,27.66,27.67,27.68,27.69,27.7,27.71,27.72,27.73,27.74,27.75,27.76,27.77,27.78,27.79,27.8,27.81,27.82,27.83,27.84,27.85,27.86,27.87,27.88,27.89,27.9,27.91,27.92,27.93,27.94,27.95,27.96,27.97,27.98,27.99,28,28.01,28.02,28.03,28.04,28.05,28.06,28.07,28.08,28.09,28.1,28.11,28.12,28.13,28.14,28.15,28.16,28.17,28.18,28.19,28.2,28.21,28.22,28.23,28.24,28.25,28.26,28.27,28.28,28.29,28.3,28.31,28.32,28.33,28.34,28.35,28.36,28.37,28.38,28.39,28.4,28.41,28.42,28.43,28.44,28.45,28.46,28.47,28.48,28.49
28.5,0,26.91,26.92,26.93,26.94,26.95,26.96,26.97,26.98,26.99,27,27.01,27.02,27.03,27.04,27.05,27.06,27.07,27.08,27.09,27.1,27.11,27.12,27.13,27.14,27.15,27.16,27.17,27.18,27.19,27.2,27.21,27.22,27.23,27.24,27.25,27.26,27.27,27.28,27.29,27.3,27.31,27.32,27.33,27.34,27.35,27.36,27.37,27.38,27.39,27.4,27.41,27.42,27.43,27.44,27.45,27.46,27.47,27.48,27.49,27.5,27.51,27.52,27.53,27.54,27.55,27.56,27.57,27.58,27.59,27.6,27.61,27.62,27.63,27.64,27.65,27.66,27.67,27.68,27.69,27.7,27.71,27.72,27.73,27.74,27.75,27.76,27.77,27.78,27.79,27.8,27.81,27.82,27.83,27.84,27.85,27.86,27.87,27.88,27.89,27.9,27.91,27.92,27.93,27.94,27.95,27.96,27.97,27.98,27.99,28,28.01,28.02,28.03,28.04,28.05,28.06,28.07,28.08,28.09,28.1,28.11,28.12,28.13,28.14,28.15,28.16,28.17,28.18,28.19,28.2,28.21,28.22,28.23,28.24,28.25,28.26,28.27,28.28,28.29,28.3,28.31,28.32,28.33,28.34,28.35,28.36,28.37,28.38,28.39,28.4,28.41,28.42,28.43,28.44,28.45,28.46,28.47,28.48,28.49,28.5,28.51,28.52,28.53,28.54,28.55,28.56,28.57,28.58,28.59,28.6,28.61,28.62,28.63,28.64,28.65,28.66,28.67,28.68,28.69,28.7,28.71,28.72,28.73,28.74,28.75,28.76,28.77,28.78,28.79,28.8,28.81,28.82,28.83,28.84,28.85,28.86,28.87,28.88,28.89
29,0,27.31,27.32,27.33,27.34,27.35,27.36,27.37,27.38,27.39,27.4,27.41,27.42,27.43,27.44,27.45,27.46,27.47,27.48,27.49,27.5,27.51,27.52,27.53,27.54,27.55,27.56,27.57,27.58,27.59,27.6,27.61,27.62,27.63,27.64,27.65,27.66,27.67,27.68,27.69,27.7,27.71,27.72,27.73,27.74,27.75,27.76,27.77,27.78,27.79,27.8,27.81,27.82,27.83,27.84,27.85,27.86,27.87,27.88,27.89,27.9,27.91,27.92,27.93,27.94,27.95,27.96,27.97,27.98,27.99,28,28.01,28.02,28.03,28.04,28.05,28.06,28.07,28.08,28.09,28.1,28.11,28.12,28.13,28.14,28.15,28.16,28.17,28.18,28.19,28.2,28.21,28.22,28.23,28.24,28.25,28.26,28.27,28.28,28.29,28.3,28.31,28.32,28.33,28.34,28.35,28.36,28.37,28.38,28.39,28.4,28.41,28.42,28.43,28.44,28.45,28.46,28.47,28.48,28.49,28.5,28.51,28.52,28.53,28.54,28.55,28.56,28.57,28.58,28.59,28.6,28.61,28.62,28.63,28.64,28.65,28.66,28.67,28.68,28.69,28.7,28.71,28.72,28.73,28.74,28.75,28.76,28.77,28.78,28.79,28.8,28.81,28.82,28.83,28.84,28.85,28.86,28.87,28.88,28.89,28.9,28.91,28.92,28.93,28.94,28.95,28.96,28.97,28.98,28.99,29,29.01,29.02,29.03,29.04,29.05,29.06,29.07,29.08,29.09,29.1,29.11,29.12,29.13,29.14,29.15,29.16,29.17,29.18,29.19,29.2,29.21,29.22,29.23,29.24,29.25,29.26,29.27,29.28,29.29
29.5,0,27.71,27.72,27.73,27.74,27.75,27.76,27.77,27.78,27.79,27.8,27.81,27.82,27.83,27.84,27.85,27.86,27.87,27.88,27.89,27.9,27.91,27.92,27.93,27.94,27.95,27.96,27.97,27.98,27.99,28,28.01,28.02,28.03,28.04,28.05,28.06,28.07,28.08,28.09,28.1,28.11,28.12,28.13,28.14,28.15,28.16,28.17,28.18,28.19,28.2,28.21,28.22,28.23,28.24,28.25,28.26,28.27,28.28,28.29,28.3,28.31,28.32,28.33,28.34,28.35,28.36,28.37,28.38,28.39,28.4,28.41,28.42,28.43,28.44,28.45,28.46,28.47,28.48,28.49,28.5,28.51,28.52,28.53,28.54,28.55,28.56,28.57,28.58,28.59,28.6,28.61,28.62,28.63,28.64,28.65,28.66,28.67,28.68,28.69,28.7,28.71,28.72,28.73,28.74,28.75,28.76,28.77,28.78,28.79,28.8,28.81,28.82,28.83,28.84,28.85,28.86,28.87,28.88,28.89,28.9,28.91,28.92,28.93,28.94,28.95,28.96,28.97,28.98,28.99,29,29.01,29.02,29.03,29.04,29.05,29.06,29.07,29.08,29.09,29.1,29.11,29.12,29.13,29.14,29.15,29.16,29.17,29.18,29.19,29.2,29.21,29.22,29.23,29.24,29.25,29.26,29.27,29.28,29.29,29.3,29.31,29.32,29.33,29.34,29.35,29.36,29.37,29.38,29.39,29.4,29.41,29.42,29.43,29.44,29.45,29.46,29.47,29.48,29.49,29.5,29.51,29.52,29.53,29.54,29.55,29.56,29.57,29.58,29.59,29.6,29.61,29.62,29.63,29.64,29.65,29.66,29.67,29.68,29.69
30,0,28.11,28.12,28.13,28.14,28.15,28.16,28.17,28.18,28.19,28.2,28.21,28.22,28.23,28.24,28.25,28.26,28.27,28.28,28.29,28.3,28.31,28.32,28.33,28.34,28.35,28.36,28.37,28.38,28.39,28.4,28.41,28.42,28.43,28.44,28.45,28.46,28.47,28.48,28.49,28.5,28.51,28.52,28.53,28.54,28.55,28.56,28.57,28.58,28.59,28.6,28.61,28.62,28.63,28.64,28.65,28.66,28.67,28.68,28.69,28.7,28.71,28.72,28.73,28.74,28.75,28.76,28.77,28.78,28.79,28.8,28.81,28.82,28.83,28.84,28.85,28.86,28.87,28.88,28.89,28.9,28.91,28.92,28.93,28.94,28.95,28.96,28.97,28.98,28.99,29,29.01,29.02,29.03,29.04,29.05,29.06,29.07,29.08,29.09,29.1,29.11,29.12,29.13,29.14,29.15,29.16,29.17,29.18,29.19,29.2,29.21,29.22,29.23,29.24,29.25,29.26,29.27,29.28,29.29,29.3,29.31,29.32,29.33,29.34,29.35,29.36,29.37,29.38,29.39,29.4,29.41,29.42,29.43,29.44,29.45,29.46,29.47,29.48,29.49,29.5,29.51,29.52,29.53,29.54,29.55,29.56,29.57,29.58,29.59,29.6,29.61,29.62,29.63,29.64,29.65,29.66,29.67,29.68,29.69,29.7,29.71,29.72,29.73,29.74,29.75,29.76,29.77,29.78,29.79,29.8,29.81,29.82,29.83,29.84,29.85,29.86,29.87,29.88,29.89,29.9,29.91,29.92,29.93,29.94,29.95,29.96,29.97,29.98,29.99,30,30.01,30.02,30.03,30.04,30.05,30.06,30.07,30.08,30.09
30.5,0,28.51,28.52,28.53,28.54,28.55,28.56,28.57,28.58,28.59,28.6,28.61,28.62,28.63,28.64,28.65,28.66,28.67,28.68,28.69,28.7,28.71,28.72,28.73,28.74,28.75,28.76,28.77,28.78,28.79,28.8,28.81,28.82,28.83,28.84,28.85,28.86,28.87,28.88,28.89,28.9,28.91,28.92,28.93,28.94,28.95,28.96,28.97,28.98,28.99,29,29.01,29.02,29.03,29.04,29.05,29.06,29.07,29.08,29.09,29.1,29.11,29.12,29.13,29.14,29.15,29.16,29.17,29.18,29.19,29.2,29.21,29.22,29.23,29.24,29.25,29.26,29.27,29.28,29.29,29.3,29.31,29.32,29.33,29.34,29.35,29.36,29.37,29.38,29.39,29.4,29.41,29.42,29.43,29.44,29.45,29.46,29.47,29.48,29.49,29.5,29.51,29.52,29.53,29.54,29.55,29.56,29.57,29.58,29.59,29.6,29.61,29.62,29.63,29.64,29.65,29.66,29.67,29.68,29.69,29.7,29.71,29.72,29.73,29.74,29.75,29.76,29.77,29.78,29.79,29.8,29.81,29.82,29.83,29.84,29.85,29.86,29.87,29.88,29.89,29.9,29.91,29.92,29.93,29.94,29.95,29.96,29.97,29.98,29.99,30,30.01,30.02,30.03,30.04,30.05,30.06,30.07,30.08,30.09,30.1,30.11,30.12,30.13,30.14,30.15,30.16,30.17,30.18,30.19,30.2,30.21,30.22,30.23,30.24,30.25,30.26,30.27,30.28,30.29,30.3,30.31,30.32,30.33,30.34,30.35,30.36,30.37,30.38,30.39,30.4,30.41,30.42,30.43,30.44,30.45,30.46,30.47,30.48,30.49
31,0,28.91,28.92,28.93,28.94,28.95,28.96,28.97,28.98,28.99,29,29.01,29.02,29.03,29.04,29.05,29.06,29.07,29.08,29.09,29.1,29.11,29.12,29.13,29.14,29.15,29.16,29.17,29.18,29.19,29.2,29.21,29.22,29.23,29.24,29.25,29.26,29.27,29.28,29.29,29.3,29.31,29.32,29.33,29.34,29.35,29.36,29.37,29.38,29.39,29.4,29.41,29.42,29.43,29.44,29.45,29.46,29.47,29.48,29.49,29.5,29.51,29.52,29.53,29.54,29.55,29.56,29.57,29.58,29.59,29.6,29.61,29.62,29.63,29.64,29.65,29.66,29.67,29.68,29.69,29.7,29.71,29.72,29.73,29.74,29.75,29.76,29.77,29.78,29.79,29.8,29.81,29.82,29.83,29.84,29.85,29.86,29.87,29.88,29.89,29.9,29.91,29.92,29.93,29.94,29.95,29.96,29.97,29.98,29.99,30,30.01,30.02,30.03,30.04,30.05,30.06,30.07,30.08,30.09,30.1,30.11,30.12,30.13,30.14,30.15,30.16,30.17,30.18,30.19,30.2,30.21,30.22,30.23,30.24,30.25,30.26,30.27,30.28,30.29,30.3,30.31,30.32,30.33,30.34,30.35,30.36,30.37,30.38,30.39,30.4,30.41,30.42,30.43,30.44,30.45,30.46,30.47,30.48,30.49,30.5,30.51,30.52,30.53,30.54,30.55,30.56,30.57,30.58,30.59,30.6,30.61,30.62,30.63,30.64,30.65,30.66,30.67,30.68,30.69,30.7,30.71,30.72,30.73,30.74,30.75,30.76,30.77,30.78,30.79,30.8,30.81,30.82,30.83,30.84,30.85,30.86,30.87,30.88,30.89
31.5,0,29.31,29.32,29.33,29.34,29.35,29.36,29.37,29.38,29.39,29.4,29.41,29.42,29.43,29.44,29.45,29.46,29.47,29.48,29.49,29.5,29.51,29.52,29.53,29.54,29.55,29.56,29.57,29.58,29.59,29.6,29.61,29.62,29.63,29.64,29.65,29.66,29.67,29.68,29.69,29.7,29.71,29.72,29.73,29.74,29.75,29.76,29.77,29.78,29.79,29.8,29.81,29.82,29.83,29.84,29.85,29.86,29.87,29.88,29.89,29.9,29.91,29.92,29.93,29.94,29.95,29.96,29.97,29.98,29.99,30,30.01,30.02,30.03,30.04,30.05,30.06,30.07,30.08,30.09,30.1,30.11,30.12,30.13,30.14,30.15,30.16,30.17,30.18,30.19,30.2,30.21,30.22,30.23,30.24,30.25,30.26,30.27,30.28,30.29,30.3,30.31,30.32,30.33,30.34,30.35,30.36,30.37,30.38,30.39,30.4,30.41,30.42,30.43,30.44,30.45,30.46,30.47,30.48,30.49,30.5,30.51,30.52,30.53,30.54,30.55,30.56,30.57,30.58,30.59,30.6,30.61,30.62,30.63,30.64,30.65,30.66,30.67,30.68,30.69,30.7,30.71,30.72,30.73,30.74,30.75,30.76,30.77,30.78,30.79,30.8,30.81,30.82,30.83,30.84,30.85,30.86,30.87,30.88,30.89,30.9,30.91,30.92,30.93,30.94,30.95,30.96,30.97,30.98,30.99,31,31.01,31.02,31.03,31.04,31.05,31.06,31.07,31.08,31.09,31.1,31.11,31.12,31.13,31.14,31.15,31.16,31.17,31.18,31.19,31.2,31.21,31.22,31.23,31.24,31.25,31.26,31.27,31.28,31.29
32,0,29.71,29.72,29.73,29.74,29.75,29.76,29.77,29.78,29.79,29.8,29.81,29.82,29.83,29.84,29.85,29.86,29.87,29.88,29.89,29.9,29.91,29.92,29.93,29.94,29.95,29.96,29.97,29.98,29.99,30,30.01,30.02,30.03,30.04,30.05,30.06,30.07,30.08,30.09,30.1,30.11,30.12,30.13,30.14,30.15,30.16,30.17,30.18,30.19,30.2,30.21,30.22,30.23,30.24,30.25,30.26,30.27,30.28,30.29,30.3,30.31,30.32,30.33,30.34,30.35,30.36,30.37,30.38,30.39,30.4,30.41,30.42,30.43,30.44,30.45,30.46,30.47,30.48,30.49,30.5,30.51,30.52,30.53,30.54,30.55,30.56,30.57,30.58,30.59,30.6,30.61,30.62,30.63,30.64,30.65,30.66,30.67,30.68,30.69,30.7,30.71,30.72,30.73,30.74,30.75,30.76,30.77,30.78,30.79,30.8,30.81,30.82,30.83,30.84,30.85,30.86,30.87,30.88,30.89,30.9,30.91,30.92,30.93,30.94,30.95,30.96,30.97,30.98,30.99,31,31.01,31.02,31.03,31.04,31.05,31.06,31.07,31.08,31.09,31.1,31.11,31.12,31.13,31.14,31.15,31.16,31.17,31.18,31.19,31.2,31.21,31.22,31.23,31.24,31.25,31.26,31.27,31.28,31.29,31.3,31.31,31.32,31.33,31.34,31.35,31.36,31.37,31.38,31.39,31.4,31.41,31.42,31.43,31.44,31.45,31.46,31.47,31.48,31.49,31.5,31.51,31.52,31.53,31.54,31.55,31.56,31.57,31.58,31.59,31.6,31.61,31.62,31.63,31.64,31.65,31.66,31.67,31.68,31.69
32.5,0,30.11,30.12,30.13,30.14,30.15,30.16,30.17,30.18,30.19,30.2,30.21,30.22,30.23,30.24,30.25,30.26,30.27,30.28,30.29,30.3,30.31,30.32,30.33,30.34,30.35,30.36,30.37,30.38,30.39,30.4,30.41,30.42,30.43,30.44,30.45,30.46,30.47,30.48,30.49,30.5,30.51,30.52,30.53,30.54,30.55,30.56,30.57,30.58,30.59,30.6,30.61,30.62,30.63,30.64,30.65,30.66,30.67,30.68,30.69,30.7,30.71,30.72,30.73,30.74,30.75,30.76,30.77,30.78,30.79,30.8,30.81,30.82,30.83,30.84,30.85,30.86,30.87,30.88,30.89,30.9,30.91,30.92,30.93,30.94,30.95,30.96,30.97,30.98,30.99,31,31.01,31.02,31.03,31.04,31.05,31.06,31.07,31.08,31.09,31.1,31.11,31.12,31.13,31.14,31.15,31.16,31.17,31.18,31.19,31.2,31.21,31.22,31.23,31.24,31.25,31.26,31.27,31.28,31.29,31.3,31.31,31.32,31.33,31.34,31.35,31.36,31.37,31.38,31.39,31.4,31.41,31.42,31.43,31.44,31.45,31.46,31.47,31.48,31.49,31.5,31.51,31.52,31.53,31.54,31.55,31.56,31.57,31.58,31.59,31.6,31.61,31.62,31.63,31.64,31.65,31.66,31.67,31.68,31.69,31.7,31.71,31.72,31.73,31.74,31.75,31.76,31.77,31.78,31.79,31.8,31.81,31.82,31.83,31.84,31.85,31.86,31.87,31.88,31.89,31.9,31.91,31.92,31.93,31.94,31.95,31.96,31.97,31.98,31.99,32,32.01,32.02,32.03,32.04,32.05,32.06,32.07,32.08,32.09
33,0,30.51,30.52,30.53,30.54,30.55,30.56,30.57,30.58,30.59,30.6,30.61,30.62,30.63,30.64,30.65,30.66,30.67,30.68,30.69,30.7,30.71,30.72,30.73,30.74,30.75,30.76,30.77,30.78,30.79,30.8,30.81,30.82,30.83,30.84,30.85,30.86,30.87,30.88,30.89,30.9,30.91,30.92,30.93,30.94,30.95,30.96,30.97,30.98,30.99,31,31.01,31.02,31.03,31.04,31.05,31.06,31.07,31.08,31.09,31.1,31.11,31.12,31.13,31.14,31.15,31.16,31.17,31.18,31.19,31.2,31.21,31.22,31.23,31.24,31.25,31.26,31.27,31.28,31.29,31.3,31.31,31.32,31.33,31.34,31.35,31.36,31.37,31.38,31.39,31.4,31.41,31.42,31.43,31.44,31.45,31.46,31.47,31.48,31.49,31.5,31.51,31.52,31.53,31.54,31.55,31.56,31.57,31.58,31.59,31.6,31.61,31.62,31.63,31.64,31.65,31.66,31.67,31.68,31.69,31.7,31.71,31.72,31.73,31.74,31.75,31.76,31.77,31.78,31.79,31.8,31.81,31.82,31.83,31.84,31.85,31.86,31.87,31.88,31.89,31.9,31.91,31.92,31.93,31.94,31.95,31.96,31.97,31.98,31.99,32,32.01,32.02,32.03,32.04,32.05,32.06,32.07,32.08,32.09,32.1,32.11,32.12,32.13,32.14,32.15,32.16,32.17,32.18,32.19,32.2,32.21,32.22,32.23,32.24,32.25,32.26,32.27,32.28,32.29,32.3,32.31,32.32,32.33,32.34,32.35,32.36,32.37,32.38,32.39,32.4,32.41,32.42,32.43,32.44,32.45,32.46,32.47,32.48,32.49
33.5,0,30.91,30.92,30.93,30.94,30.95,30.96,30.97,30.98,30.99,31,31.01,31.02,31.03,31.04,31.05,31.06,31.07,31.08,31.09,31.1,31.11,31.12,31.13,31.14,31.15,31.16,31.17,31.18,31.19,31.2,31.21,31.22,31.23,31.24,31.25,31.26,31.27,31.28,31.29,31.3,31.31,31.32,31.33,31.34,31.35,31.36,31.37,31.38,31.39,31.4,31.41,31.42,31.43,31.44,31.45,31.46,31.47,31.48,31.49,31.5,31.51,31.52,31.53,31.54,31.55,31.56,31.57,31.58,31.59,31.6,31.61,31.62,31.63,31.64,31.65,31.66,31.67,31.68,31.69,31.7,31.71,31.72,31.73,31.74,31.75,31.76,31.77,31.78,31.79,31.8,31.81,31.82,31.83,31.84,31.85,31.86,31.87,31.88,31.89,31.9,31.91,31.92,31.93,31.94,31.95,31.96,31.97,31.98,31.99,32,32.01,32.02,32.03,32.04,32.05,32.06,32.07,32.08,32.09,32.1,32.11,32.12,32.13,32.14,32.15,32.16,32.17,32.18,32.19,32.2,32.21,32.22,32.23,32.24,32.25,32.26,32.27,32.28,32.29,32.3,32.31,32.32,32.33,32.34,32.35,32.36,32.37,32.38,32.39,32.4,32.41,32.42,32.43,32.44,32.45,32.46,32.47,32.48,32.49,32.5,32.51,32.52,32.53,32.54,32.55,32.56,32.57,32.58,32.59,32.6,32.61,32.62,32.63,32.64,32.65,32.66,32.67,32.68,32.69,32.7,32.71,32.72,32.73,32.74,32.75,32.76,32.77,32.78,32.79,32.8,32.81,32.82,32.83,32.84,32.85,32.86,32.87,32.88,32.89
34,0,31.31,31.32,31.33,31.34,31.35,31.36,31.37,31.38,31.39,31.4,31.41,31.42,31.43,31.44,31.45,31.46,31.47,31.48,31.49,31.5,31.51,31.52,31.53,31.54,31.55,31.56,31.57,31.58,31.59,31.6,31.61,31.62,31.63,31.64,31.65,31.66,31.67,31.68,31.69,31.7,31.71,31.72,31.73,31.74,31.75,31.76,31.77,31.78,31.79,31.8,31.81,31.82,31.83,31.84,31.85,31.86,31.87,31.88,31.89,31.9,31.91,31.92,31.93,31.94,31.95,31.96,31.97,31.98,31.99,32,32.01,32.02,32.03,32.04,32.05,32.06,32.07,32.08,32.09,32.1,32.11,32.12,32.13,32.14,32.15,32.16,32.17,32.18,32.19,32.2,32.21,32.22,32.23,32.24,32.25,32.26,32.27,32.28,32.29,32.3,32.31,32.32,32.33,32.34,32.35,32.36,32.37,32.38,32.39,32.4,32.41,32.42,32.43,32.44,32.45,32.46,32.47,32.48,32.49,32.5,32.51,32.52,32.53,32.54,32.55,32.56,32.57,32.58,32.59,32.6,32.61,32.62,32.63,32.64,32.65,32.66,32.67,32.68,32.69,32.7,32.71,32.72,32.73,32.74,32.75,32.76,32.77,32.78,32.79,32.8,32.81,32.82,32.83,32.84,32.85,32.86,32.87,32.88,32.89,32.9,32.91,32.92,32.93,32.94,32.95,32.96,32.97,32.98,32.99,33,33.01,33.02,33.03,33.04,33.05,33.06,33.07,33.08,33.09,33.1,33.11,33.12,33.13,33.14,33.15,33.16,33.17,33.18,33.19,33.2,33.21,33.22,33.23,33.24,33.25,33.26,33.27,33.28,33.29
34.5,0,31.71,31.72,31.73,31.74,31.75,31.76,31.77,31.78,31.79,31.8,31.81,31.82,31.83,31.84,31.85,31.86,31.87,31.88,31.89,31.9,31.91,31.92,31.93,31.94,31.95,31.96,31.97,31.98,31.99,32,32.01,32.02,32.03,32.04,32.05,32.06,32.07,32.08,32.09,32.1,32.11,32.12,32.13,32.14,32.15,32.16,32.17,32.18,32.19,32.2,32.21,32.22,32.23,32.24,32.25,32.26,32.27,32.28,32.29,32.3,32.31,32.32,32.33,32.34,32.35,32.36,32.37,32.38,32.39,32.4,32.41,32.42,32.43,32.44,32.45,32.46,32.47,32.48,32.49,32.5,32.51,32.52,32.53,32.54,32.55,32.56,32.57,32.58,32.59,32.6,32.61,32.62,32.63,32.64,32.65,32.66,32.67,32.68,32.69,32.7,32.71,32.72,32.73,32.74,32.75,32.76,32.77,32.78,32.79,32.8,32.81,32.82,32.83,32.84,32.85,32.86,32.87,32.88,32.89,32.9,32.91,32.92,32.93,32.94,32.95,32.96,32.97,32.98,32.99,33,33.01,33.02,33.03,33.04,33.05,33.06,33.07,33.08,33.09,33.1,33.11,33.12,33.13,33.14,33.15,33.16,33.17,33.18,33.19,33.2,33.21,33.22,33.23,33.24,33.25,33.26,33.27,33.28,33.29,33.3,33.31,33.32,33.33,33.34,33.35,33.36,33.37,33.38,33.39,33.4,33.41,33.42,33.43,33.44,33.45,33.46,33.47,33.48,33.49,33.5,33.51,33.52,33.53,33.54,33.55,33.56,33.57,33.58,33.59,33.6,33.61,33.62,33.63,33.64,33.65,33.66,33.67,33.68,33.69
FAT>>,0,0.1,0.2,0.3,0.4,0.5,0.6,0.7,0.8,0.9,1,1.1,1.2,1.3,1.4,1.5,1.6,1.7,1.8,1.9,2,2.1,2.2,2.3,2.4,2.5,2.6,2.7,2.8,2.9,3,3.1,3.2,3.3,3.4,3.5,3.6,3.7,3.8,3.9,4,4.1,4.2,4.3,4.4,4.5,4.6,4.7,4.8,4.9,5,5.1,5.2,5.3,5.4,5.5,5.6,5.7,5.8,5.9,6,6.1,6.2,6.3,6.4,6.5,6.6,6.7,6.8,6.9,7,7.1,7.2,7.3,7.4,7.5,7.6,7.7,7.8,7.9,8,8.1,8.2,8.3,8.4,8.5,8.6,8.7,8.8,8.9,9,9.1,9.2,9.3,9.4,9.5,9.6,9.7,9.8,9.9,10,10.1,10.2,10.3,10.4,10.5,10.6,10.7,10.8,10.9,11,11.1,11.2,11.3,11.4,11.5,11.6,11.7,11.8,11.9,12,12.1,12.2,12.3,12.4,12.5,12.6,12.7,12.8,12.9,13,13.1,13.2,13.3,13.4,13.5,13.6,13.7,13.8,13.9,14,14.1,14.2,14.3,14.4,14.5,14.6,14.7,14.8,14.9,15,15.1,15.2,15.3,15.4,15.5,15.6,15.7,15.8,15.9,16,16.1,16.2,16.3,16.4,16.5,16.6,16.7,16.8,16.9,17,17.1,17.2,17.3,17.4,17.5,17.6,17.7,17.8,17.9,18,18.1,18.2,18.3,18.4,18.5,18.6,18.7,18.8,18.9,19,19.1,19.2,19.3,19.4,19.5,19.6,19.7,19.8,19.9
